n_processes,dataset_size,execution_time
64,102084863,0.562088
32,102084863,0.491992
8,102084863,1.734151
4,102084863,2.573479
16,102084863,1.475546
2,102084863,3.140957
1,102084863,5.050911