n_processes,dataset_size,execution_time
64,45_000_000_000,486.686615
32,45000000000,626.594835
16,45000000000,883.064907
8,45000000000,902.784364
4,45000000000,1339.294435
2,45000000000,1876.756857